{
  "prepare_queue": {
    "installed": [],
    "uninstalled": []
  },
  "config_munge": {
    "files": {}
  },
  "installed_plugins": {
    "cordova-plugin-dialogs": {
      "PACKAGE_NAME": "io.cordova.hellocordova"
    },
    "cordova-plugin-whitelist": {
      "PACKAGE_NAME": "io.cordova.hellocordova"
    },
    "cordova-plugin-console": {
      "PACKAGE_NAME": "io.cordova.hellocordova"
    },
    "cordova-plugin-geolocation": {
      "PACKAGE_NAME": "io.cordova.hellocordova"
    }
  },
  "dependent_plugins": {},
  "modules": [
    {
      "file": "plugins/cordova-plugin-dialogs/www/notification.js",
      "id": "cordova-plugin-dialogs.notification",
      "pluginId": "cordova-plugin-dialogs",
      "merges": [
        "navigator.notification"
      ]
    },
    {
      "file": "plugins/cordova-plugin-dialogs/www/browser/notification.js",
      "id": "cordova-plugin-dialogs.notification_browser",
      "pluginId": "cordova-plugin-dialogs",
      "merges": [
        "navigator.notification"
      ]
    }
  ],
  "plugin_metadata": {
    "cordova-plugin-dialogs": "2.0.1",
    "cordova-plugin-whitelist": "1.3.3",
    "cordova-plugin-console": "1.1.0",
    "cordova-plugin-geolocation": "4.0.1"
  }
}